id,firstName,lastName,email,gender,nation
1,Noam,Ludye,nludye0@people.com.cn,Male,Germany
2,Rafferty,Reford,rreford1@about.com,Male,Spain
3,Roddy,Leask,rleask2@youku.com,Male,Russia
4,Renell,East,reast3@1und1.de,Female,Philippines
5,Venita,Hutfield,vhutfield4@skyrock.com,Female,Argentina
6,Jillene,Doolan,jdoolan5@github.com,Female,Chile
7,Issie,Solesbury,isolesbury6@apple.com,Female,China
8,Madelon,Popple,mpopple7@dot.gov,Female,Portugal
9,Dickie,De Carlo,ddecarlo8@dion.ne.jp,Male,France
10,Porter,Loveredge,ploveredge9@ucsd.edu,Male,Iraq
11,Francis,Clitheroe,fclitheroea@webnode.com,Male,Thailand
12,Babs,Dimsdale,bdimsdaleb@ustream.tv,Female,Russia
13,Tedda,Clancey,tclanceyc@slideshare.net,Female,Ukraine
14,Lyman,Price,lpriced@barnesandnoble.com,Male,Russia
15,Neddie,Bremeyer,nbremeyere@msn.com,Male,Albania
16,Hamlin,Gammill,hgammillf@mapquest.com,Male,Brazil
17,Tremain,Chisholme,tchisholmeg@admin.ch,Male,China
18,Aguie,Cruess,acruessh@51.la,Male,Poland
19,Merle,McIlmorow,mmcilmorowi@forbes.com,Male,Indonesia
20,Isidro,Acedo,iacedoj@irs.gov,Male,China
21,Dolf,Parrish,dparrishk@domainmarket.com,Male,China
22,Peyter,Heaford,pheafordl@bluehost.com,Male,China
23,Suzanne,Rosier,srosierm@washington.edu,Female,Indonesia
24,Janos,Becke,jbecken@wordpress.org,Male,Montenegro
25,Alaric,Beardshall,abeardshallo@bbc.co.uk,Male,China
26,Alessandro,Kellick,akellickp@eventbrite.com,Male,Albania
27,Quint,Bromage,qbromageq@ucla.edu,Male,Philippines
28,Anton,Stansfield,astansfieldr@home.pl,Male,Indonesia
29,Celestina,Boucher,cbouchers@state.tx.us,Female,South Africa
30,Gail,Weighell,gweighellt@bigcartel.com,Female,Russia
31,Alastair,Maidstone,amaidstoneu@google.it,Male,Tajikistan
32,Weber,Glasby,wglasbyv@merriam-webster.com,Male,Honduras
33,Catherin,Whorton,cwhortonw@photobucket.com,Female,Russia
34,Olimpia,MacIlwrick,omacilwrickx@va.gov,Female,Netherlands
35,Joyan,Loveitt,jloveitty@tamu.edu,Female,Peru
36,Lianna,MacLoughlin,lmacloughlinz@a8.net,Female,Finland
37,Darrin,Anglish,danglish10@msn.com,Male,Peru
38,Stearn,Pipkin,spipkin11@weibo.com,Male,Malaysia
39,Rosanna,Ashbrook,rashbrook12@1und1.de,Female,Indonesia
40,Ethel,Meineck,emeineck13@ihg.com,Female,Brazil
41,Perren,Barraclough,pbarraclough14@tripod.com,Male,Canada
42,Nelle,Slayny,nslayny15@virginia.edu,Female,Russia
43,Ettie,Gowan,egowan16@dmoz.org,Female,Czech Republic
44,Anatollo,Brolan,abrolan17@google.com.hk,Male,Poland
45,Ninette,Sofe,nsofe18@webnode.com,Female,Portugal
46,Roi,Iiannone,riiannone19@nydailynews.com,Male,China
47,Titos,Langham,tlangham1a@jalbum.net,Male,Brazil
48,Vicki,Scheu,vscheu1b@ifeng.com,Female,Indonesia
49,Hillary,De Paepe,hdepaepe1c@quantcast.com,Male,Afghanistan
50,Grace,Winspurr,gwinspurr1d@dell.com,Female,Portugal
51,Suzy,Gerrey,sgerrey1e@gov.uk,Female,Philippines
52,Tremain,Wagge,twagge1f@taobao.com,Male,Poland
53,Sonia,Knoble,sknoble1g@craigslist.org,Female,China
54,Zane,Budnik,zbudnik1h@scribd.com,Male,Sudan
55,Milton,Spence,mspence1i@blogspot.com,Male,China
56,Alard,Garlant,agarlant1j@mediafire.com,Male,Philippines
57,Gael,Girardy,ggirardy1k@booking.com,Female,Rwanda
58,Charita,MacAlpyne,cmacalpyne1l@stumbleupon.com,Female,China
59,Burr,Simonett,bsimonett1m@addthis.com,Male,China
60,Fulvia,Georgescu,fgeorgescu1n@meetup.com,Female,Thailand
61,Tanner,Weyland,tweyland1o@moonfruit.com,Male,Sweden
62,Vite,Kealey,vkealey1p@liveinternet.ru,Male,China
63,Ariana,Domone,adomone1q@addtoany.com,Female,Maldives
64,Laurianne,Cossom,lcossom1r@wordpress.com,Female,Indonesia
65,Fraser,Crampton,fcrampton1s@ameblo.jp,Male,France
66,Jeane,Varran,jvarran1t@disqus.com,Female,Argentina
67,Gregoire,Bendley,gbendley1u@youtube.com,Male,Indonesia
68,Roshelle,Kelberman,rkelberman1v@wisc.edu,Female,Egypt
69,Jonathon,Melsom,jmelsom1w@cafepress.com,Male,Brazil
70,Cesya,Whittenbury,cwhittenbury1x@europa.eu,Female,Honduras
71,Muriel,Kennaway,mkennaway1y@biglobe.ne.jp,Female,Indonesia
72,Albina,Aspell,aaspell1z@linkedin.com,Female,China
73,Bennie,Brevetor,bbrevetor20@ucsd.edu,Female,Kenya
74,Enrica,McAlindon,emcalindon21@taobao.com,Female,Japan
75,Stavro,Diess,sdiess22@japanpost.jp,Male,Portugal
76,Evangelia,St. Quentin,estquentin23@homestead.com,Female,China
77,Erv,Yoodall,eyoodall24@ucoz.ru,Male,Bolivia
78,Debi,Aistrop,daistrop25@pbs.org,Female,Sweden
79,Aloise,Georgel,ageorgel26@alexa.com,Female,Sweden
80,Danita,Joyce,djoyce27@eepurl.com,Female,Nigeria
81,Iain,Tomet,itomet28@tinypic.com,Male,Brazil
82,Norbert,Mustard,nmustard29@ow.ly,Male,Indonesia
83,Masha,Burchatt,mburchatt2a@bravesites.com,Female,Cyprus
84,Filbert,Bedinham,fbedinham2b@bigcartel.com,Male,Brazil
85,Dita,Selway,dselway2c@desdev.cn,Female,China
86,Jesse,Pedrol,jpedrol2d@tiny.cc,Male,France
87,Agretha,Beckey,abeckey2e@statcounter.com,Female,China
88,Logan,Ericsson,lericsson2f@engadget.com,Male,Russia
89,Mallorie,Cluer,mcluer2g@cam.ac.uk,Female,China
90,Yevette,Probart,yprobart2h@infoseek.co.jp,Female,China
91,Etty,Branthwaite,ebranthwaite2i@auda.org.au,Female,Indonesia
92,Davina,Loveredge,dloveredge2j@goo.ne.jp,Female,Russia
93,Ashlan,Emery,aemery2k@japanpost.jp,Female,Norway
94,Matteo,Oram,moram2l@wunderground.com,Male,Kazakhstan
95,Daisie,Eustes,deustes2m@webnode.com,Female,Indonesia
96,Gertrud,Nuss,gnuss2n@epa.gov,Female,Czech Republic
97,Henri,Garman,hgarman2o@earthlink.net,Male,Indonesia
98,Carla,Quest,cquest2p@tumblr.com,Female,Ukraine
99,Melesa,Organ,morgan2q@usnews.com,Female,Ivory Coast
100,Darryl,Iori,diori2r@histats.com,Female,Thailand
101,Murdoch,Gascoyen,mgascoyen2s@cbslocal.com,Male,Ukraine
102,Sherlock,Tippings,stippings2t@webnode.com,Male,Russia
103,Giacinta,Haycraft,ghaycraft2u@behance.net,Female,Ukraine
104,Ethelyn,Eddisforth,eeddisforth2v@google.com.hk,Female,Russia
105,Armin,Chern,achern2w@photobucket.com,Male,Czech Republic
106,Rica,Lusk,rlusk2x@walmart.com,Female,Japan
107,Neron,Ganders,nganders2y@mapy.cz,Male,Philippines
108,Sandro,Gorrick,sgorrick2z@samsung.com,Male,Indonesia
109,Marcia,Matokhnin,mmatokhnin30@xing.com,Female,Armenia
110,Arluene,Ledekker,aledekker31@gnu.org,Female,Philippines
111,Chrissie,Sheerman,csheerman32@parallels.com,Male,Philippines
112,Upton,Segeswoeth,usegeswoeth33@shutterfly.com,Male,Russia
113,Vic,Saladine,vsaladine34@dot.gov,Male,Argentina
114,Robin,Hartigan,rhartigan35@geocities.com,Female,Brazil
115,Bald,Marritt,bmarritt36@opera.com,Male,China
116,Poppy,Jerke,pjerke37@furl.net,Female,United States
117,Sergent,Louisot,slouisot38@ed.gov,Male,Brazil
118,Yanaton,Libero,ylibero39@howstuffworks.com,Male,Colombia
119,Kim,Godbolt,kgodbolt3a@gravatar.com,Female,Brazil
120,Karl,Longina,klongina3b@icio.us,Male,China
121,Glyn,Thomann,gthomann3c@salon.com,Female,China
122,Dwain,Elias,delias3d@amazon.de,Male,Finland
123,Lucille,Buy,lbuy3e@networksolutions.com,Female,China
124,Steffie,Blundel,sblundel3f@yellowbook.com,Female,Philippines
125,Gage,Redgrove,gredgrove3g@qq.com,Male,Indonesia
126,Bruis,Petrozzi,bpetrozzi3h@cdbaby.com,Male,China
127,Halie,Wooland,hwooland3i@gnu.org,Female,Brazil
128,Maryanne,Darinton,mdarinton3j@sciencedaily.com,Female,China
129,Jard,Reaney,jreaney3k@dot.gov,Male,Russia
130,Cornall,Wreford,cwreford3l@moonfruit.com,Male,Indonesia
131,Addie,De La Haye,adelahaye3m@sciencedirect.com,Male,Portugal
132,Cobbie,Carletti,ccarletti3n@indiatimes.com,Male,United States
133,Jan,Matthewman,jmatthewman3o@tiny.cc,Female,Philippines
134,Art,Benez,abenez3p@wisc.edu,Male,Chile
135,Clim,Skullet,cskullet3q@craigslist.org,Male,China
136,Darn,Vizard,dvizard3r@reuters.com,Male,Sweden
137,Margot,Kebell,mkebell3s@intel.com,Female,China
138,Merrielle,Tonks,mtonks3t@springer.com,Female,Yemen
139,Blair,Veysey,bveysey3u@nydailynews.com,Female,Montserrat
140,Grayce,Pardon,gpardon3v@discuz.net,Female,Philippines
141,Aleta,Witherdon,awitherdon3w@scientificamerican.com,Female,Tajikistan
142,Gard,Tibald,gtibald3x@privacy.gov.au,Male,Indonesia
143,Ezri,Nutter,enutter3y@prnewswire.com,Male,Sweden
144,Boniface,Trower,btrower3z@feedburner.com,Male,France
145,Farris,Storrs,fstorrs40@cbc.ca,Male,Vietnam
146,Bobinette,Ashford,bashford41@google.com.au,Female,China
147,Pryce,Banyard,pbanyard42@china.com.cn,Male,Sweden
148,Robbie,Luard,rluard43@comcast.net,Female,Ukraine
149,Horace,Lonergan,hlonergan44@sfgate.com,Male,Portugal
150,Cozmo,Picton,cpicton45@goodreads.com,Male,Serbia
151,Farley,Kesper,fkesper46@ucoz.com,Male,Thailand
152,Annmarie,Papworth,apapworth47@telegraph.co.uk,Female,China
153,Theodosia,Dunican,tdunican48@theglobeandmail.com,Female,China
154,Abraham,Skipsey,askipsey49@vimeo.com,Male,Finland
155,Barbabas,Caswill,bcaswill4a@wikispaces.com,Male,Japan
156,Ekaterina,Laverick,elaverick4b@themeforest.net,Female,Philippines
157,Berkley,Ladell,bladell4c@vinaora.com,Male,Venezuela
158,Victor,Lampard,vlampard4d@slashdot.org,Male,Indonesia
159,Jerry,Skingley,jskingley4e@addthis.com,Male,Japan
160,Reggie,Anstead,ranstead4f@imageshack.us,Male,China
161,Berk,Limbrick,blimbrick4g@symantec.com,Male,China
162,Thornie,Lefort,tlefort4h@xing.com,Male,Czech Republic
163,Halette,Stockau,hstockau4i@tmall.com,Female,Russia
164,Patrice,Lammas,plammas4j@technorati.com,Male,Portugal
165,Joan,Twydell,jtwydell4k@gmpg.org,Female,China
166,Jecho,Grzeskowski,jgrzeskowski4l@woothemes.com,Male,Mexico
167,Rhys,Jervoise,rjervoise4m@imageshack.us,Male,China
168,Pippy,Grills,pgrills4n@newyorker.com,Female,Russia
169,Rayner,Valentin,rvalentin4o@mapy.cz,Male,Poland
170,Walker,Beaulieu,wbeaulieu4p@google.cn,Male,Portugal
171,Eileen,Pearse,epearse4q@linkedin.com,Female,Brazil
172,Nial,Peasby,npeasby4r@netlog.com,Male,Indonesia
173,Ninnetta,McCrossan,nmccrossan4s@facebook.com,Female,United States
174,Nevin,Castelain,ncastelain4t@comsenz.com,Male,Portugal
175,Freeman,Leopard,fleopard4u@furl.net,Male,China
176,Camel,Haldin,chaldin4v@mac.com,Female,China
177,Chadwick,Thornthwaite,cthornthwaite4w@edublogs.org,Male,Greece
178,Brewer,Campione,bcampione4x@google.com,Male,Vietnam
179,Egon,Cellier,ecellier4y@cornell.edu,Male,Colombia
180,Zedekiah,Pigott,zpigott4z@weather.com,Male,United States
181,Smitty,Mattiazzi,smattiazzi50@phoca.cz,Male,China
182,Gabriele,Bradnick,gbradnick51@wunderground.com,Male,Indonesia
183,Valene,Sanzio,vsanzio52@cisco.com,Female,Russia
184,Hilda,Drury,hdrury53@dropbox.com,Female,United States
185,Veronica,Kemmish,vkemmish54@w3.org,Female,Honduras
186,Ursa,Waldocke,uwaldocke55@issuu.com,Female,China
187,Travus,Crickett,tcrickett56@who.int,Male,Cameroon
188,Thibaut,Hearnah,thearnah57@reverbnation.com,Male,Slovenia
189,Powell,Yurkiewicz,pyurkiewicz58@ow.ly,Male,United States
190,Rivy,Hundell,rhundell59@china.com.cn,Female,China
191,Maurizia,Rainger,mrainger5a@examiner.com,Female,Thailand
192,Cordy,Steffan,csteffan5b@networksolutions.com,Male,Brazil
193,Maura,Fritchley,mfritchley5c@rambler.ru,Female,China
194,Tammy,Flaunier,tflaunier5d@blogger.com,Male,Russia
195,Hill,Coldtart,hcoldtart5e@bing.com,Male,Czech Republic
196,Anneliese,Krauss,akrauss5f@oakley.com,Female,Indonesia
197,Brit,Draysey,bdraysey5g@chicagotribune.com,Male,Russia
198,Kelcey,Szubert,kszubert5h@gravatar.com,Female,Uganda
199,Henry,Clayson,hclayson5i@so-net.ne.jp,Male,Egypt
200,Morie,Brand,mbrand5j@chron.com,Male,Thailand
201,Carri,Caffrey,ccaffrey5k@php.net,Female,Mali
202,Leena,Dielhenn,ldielhenn5l@youtube.com,Female,China
203,Jonah,Smart,jsmart5m@rambler.ru,Male,China
204,Matthias,Tilsley,mtilsley5n@salon.com,Male,Russia
205,Burnaby,Dunning,bdunning5o@fastcompany.com,Male,China
206,Traver,Spring,tspring5p@answers.com,Male,France
207,Jacklyn,Conford,jconford5q@hexun.com,Female,China
208,Aidan,Aldcorn,aaldcorn5r@auda.org.au,Female,Afghanistan
209,Ivonne,Hotson,ihotson5s@google.com,Female,Tanzania
210,Alyson,Swalwel,aswalwel5t@webeden.co.uk,Female,United States
211,Sterne,Delea,sdelea5u@linkedin.com,Male,Nigeria
212,Nicolais,Tapsell,ntapsell5v@odnoklassniki.ru,Male,Indonesia
213,Tracey,Skough,tskough5w@dagondesign.com,Female,United States
214,Brantley,Woollacott,bwoollacott5x@imageshack.us,Male,Mexico
215,Kandace,Lidgley,klidgley5y@netlog.com,Female,Indonesia
216,Micaela,Oloman,moloman5z@simplemachines.org,Female,Czech Republic
217,Nissy,Rooney,nrooney60@vistaprint.com,Female,Czech Republic
218,Dun,Boskell,dboskell61@github.io,Male,Bangladesh
219,Arlana,Cleynman,acleynman62@desdev.cn,Female,China
220,Zea,Dayne,zdayne63@weibo.com,Female,Colombia
221,Carmencita,Fragino,cfragino64@bing.com,Female,Sweden
222,Rahal,Giorgi,rgiorgi65@ning.com,Female,Philippines
223,Caryl,Breadmore,cbreadmore66@booking.com,Female,United States
224,Ernie,Fayerman,efayerman67@globo.com,Male,Pakistan
225,Tomasine,Macklin,tmacklin68@arizona.edu,Female,Ukraine
226,Cornelle,Bubbings,cbubbings69@indiegogo.com,Female,Poland
227,Wyatt,Mitton,wmitton6a@yale.edu,Male,France
228,Davy,Grinsdale,dgrinsdale6b@nifty.com,Male,Argentina
229,Freddy,Korneev,fkorneev6c@globo.com,Male,Greece
230,Warde,Tythe,wtythe6d@uiuc.edu,Male,Palestinian Territory
231,Amy,De Clairmont,adeclairmont6e@myspace.com,Female,Japan
232,Enrico,Adaway,eadaway6f@dot.gov,Male,Portugal
233,Renaud,Peter,rpeter6g@simplemachines.org,Male,Swaziland
234,Christie,Reckhouse,creckhouse6h@telegraph.co.uk,Male,Colombia
235,Maurine,Brahms,mbrahms6i@ucoz.com,Female,China
236,Keary,Beaver,kbeaver6j@privacy.gov.au,Male,Malaysia
237,Rosaleen,Elix,relix6k@123-reg.co.uk,Female,Philippines
238,Cally,Wimpenny,cwimpenny6l@homestead.com,Female,Brazil
239,Koral,Carayol,kcarayol6m@addtoany.com,Female,China
240,Joshuah,Davley,jdavley6n@addtoany.com,Male,Indonesia
241,Deirdre,Padillo,dpadillo6o@bbb.org,Female,Mexico
242,Junina,Sarton,jsarton6p@pinterest.com,Female,Indonesia
243,Myer,Garnar,mgarnar6q@wordpress.org,Male,Tanzania
244,Shanie,Adamsson,sadamsson6r@baidu.com,Female,Ghana
245,Elwood,Ingliby,eingliby6s@mozilla.com,Male,Brazil
246,Miner,Wudeland,mwudeland6t@nps.gov,Male,Poland
247,Syd,Brookson,sbrookson6u@vkontakte.ru,Male,Argentina
248,Engelbert,Kersley,ekersley6v@yelp.com,Male,Macedonia
249,Dorita,Annes,dannes6w@archive.org,Female,United States
250,Sharity,Lyon,slyon6x@examiner.com,Female,Sweden
251,Geordie,Curry,gcurry6y@myspace.com,Male,Netherlands
252,Cullin,Mutlow,cmutlow6z@joomla.org,Male,Indonesia
253,Patrica,Stembridge,pstembridge70@bloglovin.com,Female,China
254,Marylee,Sadler,msadler71@drupal.org,Female,Argentina
255,Rorke,Rainsbury,rrainsbury72@pbs.org,Male,China
256,Doralin,Beveridge,dbeveridge73@shareasale.com,Female,Belarus
257,Hi,Brosini,hbrosini74@pen.io,Male,Japan
258,Lissie,Smeeth,lsmeeth75@cbslocal.com,Female,Yemen
259,Oberon,Gawthorpe,ogawthorpe76@bloomberg.com,Male,Philippines
260,Orsola,Panther,opanther77@earthlink.net,Female,China
261,Kissie,Almak,kalmak78@spotify.com,Female,Thailand
262,Perri,Seilmann,pseilmann79@slideshare.net,Female,Sri Lanka
263,Niccolo,Orrey,norrey7a@ted.com,Male,Russia
264,Alexi,Fleming,afleming7b@msn.com,Female,Philippines
265,Jade,Inchbald,jinchbald7c@goodreads.com,Female,Nigeria
266,Douglass,Bresman,dbresman7d@mayoclinic.com,Male,Russia
267,Cory,Sanchis,csanchis7e@amazon.co.uk,Female,China
268,Cathrin,Pirouet,cpirouet7f@wired.com,Female,China
269,Stern,Buckle,sbuckle7g@umich.edu,Male,Poland
270,Janet,Nassau,jnassau7h@domainmarket.com,Female,Russia
271,Huberto,Pasque,hpasque7i@unesco.org,Male,Lebanon
272,Phineas,Schoenfisch,pschoenfisch7j@mediafire.com,Male,Brazil
273,Hiram,Baddoe,hbaddoe7k@wikipedia.org,Male,Indonesia
274,Raleigh,Lilliman,rlilliman7l@wp.com,Male,China
275,Harriot,Mardell,hmardell7m@wikipedia.org,Female,Japan
276,Giselle,Tubb,gtubb7n@biglobe.ne.jp,Female,Czech Republic
277,Buiron,Casacchia,bcasacchia7o@booking.com,Male,Brazil
278,Ursulina,Davidovsky,udavidovsky7p@cnn.com,Female,Finland
279,Dorree,Pawellek,dpawellek7q@opensource.org,Female,China
280,Lil,Sanchez,lsanchez7r@rediff.com,Female,France
281,Chalmers,Legon,clegon7s@youtu.be,Male,Tanzania
282,Jae,Leale,jleale7t@ftc.gov,Male,Philippines
283,Marcellus,Timperley,mtimperley7u@prweb.com,Male,Togo
284,Jaquelyn,Corbett,jcorbett7v@ebay.co.uk,Female,Serbia
285,Austina,Tidswell,atidswell7w@myspace.com,Female,Indonesia
286,Caressa,Mc Meekan,cmcmeekan7x@unicef.org,Female,Belarus
287,Tabina,Lantiff,tlantiff7y@parallels.com,Female,Indonesia
288,Giorgio,Dengel,gdengel7z@pinterest.com,Male,Czech Republic
289,Emmet,Jillett,ejillett80@nbcnews.com,Male,Ukraine
290,Shelbi,McGlaud,smcglaud81@google.ru,Female,Chile
291,Bernadette,Catmull,bcatmull82@google.co.uk,Female,Azerbaijan
292,Broddy,O'Ferris,boferris83@ox.ac.uk,Male,Portugal
293,Rodrique,Burmaster,rburmaster84@oakley.com,Male,Japan
294,Randolph,Alliker,ralliker85@icio.us,Male,China
295,Meredeth,Dell Casa,mdellcasa86@mashable.com,Male,Yemen
296,Inez,Vynall,ivynall87@theatlantic.com,Female,Ukraine
297,Taite,Bonallick,tbonallick88@youtu.be,Male,Philippines
298,Carlin,Kores,ckores89@blogtalkradio.com,Male,Russia
299,Tess,Yacob,tyacob8a@studiopress.com,Female,North Korea
300,Tierney,Heymes,theymes8b@dyndns.org,Female,Indonesia
301,Coraline,Egan,cegan8c@thetimes.co.uk,Female,Poland
302,Sergei,Kuhnwald,skuhnwald8d@redcross.org,Male,Vietnam
303,Bryce,Frye,bfrye8e@pbs.org,Male,Brazil
304,Shena,Bartoszewicz,sbartoszewicz8f@t-online.de,Female,Russia
305,Marla,Clewley,mclewley8g@biglobe.ne.jp,Female,Malaysia
306,Craggie,Emberton,cemberton8h@t-online.de,Male,Russia
307,Larine,Slograve,lslograve8i@t.co,Female,China
308,Corey,Moyers,cmoyers8j@mozilla.org,Female,Egypt
309,Tandy,Mengue,tmengue8k@topsy.com,Female,Thailand
310,Ignaz,Walkley,iwalkley8l@newyorker.com,Male,Indonesia
311,Carter,Roddan,croddan8m@unesco.org,Male,United States
312,Charlotte,McMorland,cmcmorland8n@sciencedirect.com,Female,Argentina
313,Jordana,Kidds,jkidds8o@biblegateway.com,Female,Nigeria
314,Claiborn,Knath,cknath8p@nih.gov,Male,Portugal
315,Parke,Aronstam,paronstam8q@opera.com,Male,Mozambique
316,Claire,Duester,cduester8r@com.com,Male,Indonesia
317,Chester,Sandeland,csandeland8s@myspace.com,Male,Sweden
318,Maurie,Haxell,mhaxell8t@dyndns.org,Male,China
319,Abelard,Attewell,aattewell8u@about.com,Male,Costa Rica
320,Remington,Dare,rdare8v@shutterfly.com,Male,China
321,Dania,Harvison,dharvison8w@twitter.com,Female,Indonesia
322,Moore,Goldberg,mgoldberg8x@godaddy.com,Male,Brazil
323,Terence,Foister,tfoister8y@hud.gov,Male,Indonesia
324,Fidelio,Reddoch,freddoch8z@fc2.com,Male,China
325,Marybelle,Davidovich,mdavidovich90@usda.gov,Female,Indonesia
326,Jacki,Losano,jlosano91@g.co,Female,Croatia
327,Kathryne,Jaslem,kjaslem92@go.com,Female,Uganda
328,Shepperd,Chillingworth,schillingworth93@ow.ly,Male,Sweden
329,Loralie,Clausson,lclausson94@mit.edu,Female,China
330,Mellie,Regorz,mregorz95@purevolume.com,Female,Armenia
331,Lise,Cartner,lcartner96@disqus.com,Female,China
332,Marylynne,O'Dare,modare97@booking.com,Female,Albania
333,Margette,Stookes,mstookes98@seattletimes.com,Female,Indonesia
334,Beale,Padgett,bpadgett99@quantcast.com,Male,Indonesia
335,Alida,Simonett,asimonett9a@edublogs.org,Female,Indonesia
336,Elianore,Vyel,evyel9b@last.fm,Female,Indonesia
337,Cesar,Trevers,ctrevers9c@wired.com,Male,Philippines
338,Keven,Freeberne,kfreeberne9d@whitehouse.gov,Male,Syria
339,Allan,Nunes Nabarro,anunesnabarro9e@google.nl,Male,United States
340,Gabbey,Tabourin,gtabourin9f@4shared.com,Female,Poland
341,Cherianne,Caveney,ccaveney9g@independent.co.uk,Female,China
342,Daren,Clamo,dclamo9h@marketwatch.com,Male,United Kingdom
343,Armin,Foxwell,afoxwell9i@marketwatch.com,Male,Ecuador
344,Aloysia,Nayer,anayer9j@qq.com,Female,France
345,Phip,Tabary,ptabary9k@aboutads.info,Male,Greece
346,Ab,Batchelor,abatchelor9l@nbcnews.com,Male,Czech Republic
347,Lorinda,Rosendorf,lrosendorf9m@bloglines.com,Female,China
348,Frannie,Lashmar,flashmar9n@smugmug.com,Male,Brazil
349,Jesselyn,Ibeson,jibeson9o@wordpress.com,Female,Ghana
350,Cirstoforo,Stiegars,cstiegars9p@xrea.com,Male,China
351,Mara,McGooch,mmcgooch9q@whitehouse.gov,Female,Tunisia
352,Hillary,Bernlin,hbernlin9r@blogtalkradio.com,Male,China
353,Roy,Presley,rpresley9s@si.edu,Male,Yemen
354,Larine,Danslow,ldanslow9t@google.it,Female,Madagascar
355,Hamil,Langthorn,hlangthorn9u@soundcloud.com,Male,Maldives
356,Benedikta,Cawthra,bcawthra9v@webmd.com,Female,Brazil
357,Florenza,Grisbrook,fgrisbrook9w@ucla.edu,Female,Ukraine
358,Antone,McManamon,amcmanamon9x@chicagotribune.com,Male,Ireland
359,Glory,Gaul,ggaul9y@joomla.org,Female,South Africa
360,Colas,Greschke,cgreschke9z@pinterest.com,Male,Poland
361,Boone,Gantzman,bgantzmana0@nsw.gov.au,Male,Indonesia
362,Connie,Pickersail,cpickersaila1@businessinsider.com,Male,Indonesia
363,Julie,Foad,jfoada2@usa.gov,Male,Philippines
364,Northrop,Stinton,nstintona3@ehow.com,Male,Brazil
365,Heywood,Seamark,hseamarka4@discovery.com,Male,Uganda
366,Dacia,Aymerich,daymericha5@cnbc.com,Female,Greece
367,Emanuel,Durrans,edurransa6@si.edu,Male,Sweden
368,Dulcinea,O'Luney,doluneya7@google.com.au,Female,China
369,Bobbi,Crownshaw,bcrownshawa8@hubpages.com,Female,Australia
370,Viva,Digges,vdiggesa9@abc.net.au,Female,Russia
371,Meghan,Nesbit,mnesbitaa@ed.gov,Female,Guatemala
372,Mercy,Lutwidge,mlutwidgeab@mapquest.com,Female,France
373,Robinette,McWhirter,rmcwhirterac@sciencedirect.com,Female,South Africa
374,Donn,Eveling,develingad@nyu.edu,Male,Thailand
375,Haze,Saddler,hsaddlerae@ebay.com,Male,Ecuador
376,Doralin,Freeburn,dfreeburnaf@devhub.com,Female,Malaysia
377,Man,Jupe,mjupeag@a8.net,Male,Tanzania
378,Marian,Wase,mwaseah@reddit.com,Female,Indonesia
379,Sarah,Peerman,speermanai@kickstarter.com,Female,China
380,Kamillah,Jaquin,kjaquinaj@marriott.com,Female,Panama
381,Bernadina,Preedy,bpreedyak@webeden.co.uk,Female,Peru
382,Frannie,Asquez,fasquezal@163.com,Female,China
383,Lyn,Damato,ldamatoam@bigcartel.com,Male,Netherlands
384,Romona,Seakes,rseakesan@printfriendly.com,Female,China
385,Alexandra,Agron,aagronao@tripadvisor.com,Female,China
386,Birdie,Cardoso,bcardosoap@ameblo.jp,Female,China
387,Sophia,Pengilley,spengilleyaq@baidu.com,Female,Brazil
388,Oralie,Boness,obonessar@arizona.edu,Female,Philippines
389,Adria,Mangeon,amangeonas@flickr.com,Female,Argentina
390,Petey,Alesi,palesiat@foxnews.com,Male,France
391,Carleton,Rance,cranceau@flavors.me,Male,Sweden
392,Emelyne,GiacobbiniJacob,egiacobbinijacobav@uiuc.edu,Female,Greece
393,Darryl,Asken,daskenaw@mit.edu,Male,Poland
394,Finlay,Bullcock,fbullcockax@multiply.com,Male,Russia
395,Orazio,Stokoe,ostokoeay@foxnews.com,Male,Czech Republic
396,Lev,Igo,ligoaz@sina.com.cn,Male,Equatorial Guinea
397,Hyacintha,Wiggans,hwiggansb0@paginegialle.it,Female,Honduras
398,Caroljean,Lofts,cloftsb1@timesonline.co.uk,Female,Indonesia
399,Land,Thorogood,lthorogoodb2@flickr.com,Male,France
400,Nicolle,Kinnach,nkinnachb3@shareasale.com,Female,Czech Republic
401,Cash,Woodier,cwoodierb4@parallels.com,Male,Uganda
402,Dorree,Rendbaek,drendbaekb5@home.pl,Female,Ukraine
403,Rolfe,Bingle,rbingleb6@sogou.com,Male,Poland
404,Pasquale,Dignum,pdignumb7@acquirethisname.com,Male,Iran
405,Kelsey,Strete,kstreteb8@tamu.edu,Male,Bosnia and Herzegovina
406,Joann,Pettiford,jpettifordb9@baidu.com,Female,China
407,Derron,Shaxby,dshaxbyba@webeden.co.uk,Male,Thailand
408,Engracia,Fesby,efesbybb@tinyurl.com,Female,China
409,Caz,Rablen,crablenbc@oakley.com,Male,Mauritius
410,Bogey,Ingold,bingoldbd@engadget.com,Male,China
411,Nance,Moulden,nmouldenbe@dropbox.com,Female,China
412,Quintin,Climo,qclimobf@webeden.co.uk,Male,Ireland
413,Doll,Rumsby,drumsbybg@hp.com,Female,Indonesia
414,Uri,Scothron,uscothronbh@dailymotion.com,Male,Gambia
415,Ladonna,Magor,lmagorbi@pagesperso-orange.fr,Female,Ukraine
416,Robers,Balchen,rbalchenbj@ucoz.com,Male,Poland
417,Faunie,Medcalfe,fmedcalfebk@sciencedirect.com,Female,Uganda
418,Trula,Whal,twhalbl@bbb.org,Female,China
419,Carolin,Lyall,clyallbm@earthlink.net,Female,Ukraine
420,Tamera,Moynihan,tmoynihanbn@altervista.org,Female,Russia
421,Gisele,Keyho,gkeyhobo@rakuten.co.jp,Female,China
422,Napoleon,Arrighi,narrighibp@is.gd,Male,China
423,Zerk,Hussell,zhussellbq@reference.com,Male,China
424,Vic,Bickers,vbickersbr@nsw.gov.au,Male,China
425,Isa,Birkmyr,ibirkmyrbs@163.com,Female,Philippines
426,Aubrette,Paxeford,apaxefordbt@oaic.gov.au,Female,Poland
427,Dorette,Summerbell,dsummerbellbu@army.mil,Female,Mexico
428,Broddie,Freschi,bfreschibv@sun.com,Male,Philippines
429,Terrie,Stuchburie,tstuchburiebw@marriott.com,Female,Sweden
430,Graehme,Alcide,galcidebx@nifty.com,Male,Philippines
431,Clemente,O'Collopy,cocollopyby@trellian.com,Male,China
432,Vincenz,Burgwin,vburgwinbz@jimdo.com,Male,Philippines
433,Ernesto,Loader,eloaderc0@mapy.cz,Male,Japan
434,Demott,Drewry,ddrewryc1@jugem.jp,Male,Moldova
435,Clayson,MacQuaker,cmacquakerc2@cnet.com,Male,Serbia
436,Clim,Yankeev,cyankeevc3@time.com,Male,Greece
437,Maurie,Tanguy,mtanguyc4@utexas.edu,Male,Argentina
438,Betti,Olorenshaw,bolorenshawc5@independent.co.uk,Female,Poland
439,Arluene,Lethieulier,alethieulierc6@edublogs.org,Female,Portugal
440,Mellicent,Patifield,mpatifieldc7@admin.ch,Female,China
441,Doris,Holme,dholmec8@printfriendly.com,Female,Cuba
442,Packston,Abdy,pabdyc9@bing.com,Male,Iraq
443,Burnard,Beamont,bbeamontca@apple.com,Male,China
444,Elsy,Eastway,eeastwaycb@yahoo.com,Female,Brazil
445,Mirna,Scrimshaw,mscrimshawcc@ezinearticles.com,Female,Madagascar
446,Sula,Cestard,scestardcd@wikispaces.com,Female,Indonesia
447,Alexandrina,McClenan,amcclenance@mapquest.com,Female,China
448,Brigid,Brownbridge,bbrownbridgecf@uol.com.br,Female,Brazil
449,Jo-ann,Bardsley,jbardsleycg@comcast.net,Female,Zimbabwe
450,Wilone,Marland,wmarlandch@vkontakte.ru,Female,China
451,Demetra,Rought,droughtci@reference.com,Female,Russia
452,Adair,Mercy,amercycj@addthis.com,Male,Russia
453,Vania,Coster,vcosterck@simplemachines.org,Female,France
454,Christel,La Grange,clagrangecl@netlog.com,Female,Greece
455,Donna,Wingatt,dwingattcm@mashable.com,Female,Philippines
456,Quinta,Dagon,qdagoncn@phpbb.com,Female,Gabon
457,Nalani,Gabits,ngabitsco@macromedia.com,Female,United States
458,Tod,Morriarty,tmorriartycp@engadget.com,Male,Bahamas
459,Konstantine,Vallack,kvallackcq@barnesandnoble.com,Male,Netherlands
460,Tamar,Yanshin,tyanshincr@about.me,Female,Ukraine
461,Yale,Silly,ysillycs@foxnews.com,Male,Luxembourg
462,Yance,Shrubsall,yshrubsallct@statcounter.com,Male,China
463,Valentin,Edgerly,vedgerlycu@thetimes.co.uk,Male,China
464,Dominick,Jakaway,djakawaycv@naver.com,Male,Thailand
465,Ingmar,Brandenburg,ibrandenburgcw@plala.or.jp,Male,Sweden
466,Nari,Bolduc,nbolduccx@skyrock.com,Female,Peru
467,Gale,Dashkov,gdashkovcy@dell.com,Female,Russia
468,Stillman,Tuffs,stuffscz@usnews.com,Male,Brazil
469,Audry,Laity,alaityd0@ustream.tv,Female,Russia
470,Lanita,Dewitt,ldewittd1@ihg.com,Female,Russia
471,Gregory,Madoc-Jones,gmadocjonesd2@wordpress.com,Male,Brazil
472,Riva,Wolledge,rwolledged3@yale.edu,Female,Poland
473,Sebastien,Chugg,schuggd4@ovh.net,Male,China
474,Stillman,Ducroe,sducroed5@hexun.com,Male,Colombia
475,Debbi,Dondon,ddondond6@blogspot.com,Female,Brazil
476,Patsy,Ubsdall,pubsdalld7@nsw.gov.au,Female,Russia
477,Simonne,Linwood,slinwoodd8@mac.com,Female,Russia
478,Meier,Frohock,mfrohockd9@nsw.gov.au,Male,Palestinian Territory
479,Ronnie,Whitley,rwhitleyda@howstuffworks.com,Female,Cameroon
480,Milly,Norcock,mnorcockdb@wix.com,Female,Costa Rica
481,Huntley,Wickens,hwickensdc@biglobe.ne.jp,Male,Indonesia
482,Candide,Dumbell,cdumbelldd@naver.com,Female,Peru
483,Carlin,Chessel,cchesselde@51.la,Male,China
484,Annalee,Pevie,apeviedf@bbb.org,Female,Tajikistan
485,Crissie,Pibworth,cpibworthdg@sina.com.cn,Female,Latvia
486,Syd,Durbin,sdurbindh@wunderground.com,Male,Poland
487,Archaimbaud,Pigny,apignydi@altervista.org,Male,Brazil
488,Doreen,Caress,dcaressdj@unblog.fr,Female,Ukraine
489,Rurik,Kirsz,rkirszdk@microsoft.com,Male,Indonesia
490,Christina,Chisholme,cchisholmedl@gmpg.org,Female,China
491,Rhodia,Blyth,rblythdm@msn.com,Female,Sweden
492,Ricardo,Graveston,rgravestondn@foxnews.com,Male,Antigua and Barbuda
493,Lesya,Newlin,lnewlindo@businesswire.com,Female,China
494,Wilbert,Mushawe,wmushawedp@mozilla.com,Male,Luxembourg
495,Huntington,Limbert,hlimbertdq@gov.uk,Male,Israel
496,Claiborn,Shieber,cshieberdr@nsw.gov.au,Male,Cameroon
497,Doe,Manuely,dmanuelyds@so-net.ne.jp,Female,Colombia
498,Adams,Balasin,abalasindt@hao123.com,Male,China
499,Gabie,Peasegod,gpeasegoddu@diigo.com,Female,Morocco
500,Napoleon,McAdam,nmcadamdv@wikispaces.com,Male,Colombia
501,Ninetta,Battrum,nbattrumdw@businesswire.com,Female,Mexico
502,Orazio,Manicomb,omanicombdx@instagram.com,Male,Ukraine
503,Terry,Studdard,tstuddarddy@posterous.com,Male,Philippines
504,Joanie,Godfroy,jgodfroydz@twitter.com,Female,France
505,Larisa,Dahlborg,ldahlborge0@ihg.com,Female,Netherlands
506,Rodolfo,Kimbury,rkimburye1@themeforest.net,Male,Brazil
507,Melvin,Barnardo,mbarnardoe2@nasa.gov,Male,Poland
508,Elysee,Haney,ehaneye3@flavors.me,Female,Russia
509,Rip,Fawloe,rfawloee4@samsung.com,Male,United States
510,Mitch,Eynald,meynalde5@ifeng.com,Male,Cyprus
511,Hunt,Kivelhan,hkivelhane6@eepurl.com,Male,Albania
512,Jsandye,Nawton,jnawtone7@archive.org,Female,Lithuania
513,Johnath,Crooks,jcrookse8@feedburner.com,Female,Finland
514,Fredrick,O'Lynn,folynne9@uiuc.edu,Male,Nigeria
515,Woody,Blakeway,wblakewayea@godaddy.com,Male,Indonesia
516,Sara,Ricket,sricketeb@fastcompany.com,Female,China
517,Danya,Clemencon,dclemenconec@ed.gov,Male,United Kingdom
518,Sofia,Godsil,sgodsiled@imageshack.us,Female,Croatia
519,Drucill,Baselli,dbaselliee@imageshack.us,Female,Russia
520,Michael,Begley,mbegleyef@ameblo.jp,Male,Bolivia
521,Natty,Milington,nmilingtoneg@springer.com,Female,Peru
522,Myrwyn,Binning,mbinningeh@facebook.com,Male,Portugal
523,Nadia,Mattersley,nmattersleyei@xrea.com,Female,Japan
524,Wat,Flowerdew,wflowerdewej@spiegel.de,Male,China
525,Karlotte,Rasp,kraspek@people.com.cn,Female,New Zealand
526,Haleigh,Brandli,hbrandliel@mit.edu,Female,Indonesia
527,Rance,Urion,rurionem@dailymotion.com,Male,Cambodia
528,Clifford,Gobell,cgobellen@china.com.cn,Male,Ethiopia
529,Thomasa,Warbrick,twarbrickeo@time.com,Female,Ivory Coast
530,Issie,Girone,igironeep@opensource.org,Female,Republic of the Congo
531,Pepillo,Kennealy,pkennealyeq@utexas.edu,Male,United States
532,Michale,Adriani,madrianier@ezinearticles.com,Male,Serbia
533,Celestia,Redit,credites@yelp.com,Female,Russia
534,Ernaline,Foster-Smith,efostersmithet@cnet.com,Female,Philippines
535,Malina,Arnolds,marnoldseu@nih.gov,Female,Pakistan
536,Danya,McFaul,dmcfaulev@seattletimes.com,Male,Philippines
537,Graig,Dennitts,gdennittsew@mac.com,Male,Indonesia
538,Maighdiln,Ziem,mziemex@japanpost.jp,Female,Russia
539,Moselle,Mannock,mmannockey@reuters.com,Female,Ireland
540,Krystal,Cogdell,kcogdellez@macromedia.com,Female,Cuba
541,Alicea,Beech,abeechf0@wiley.com,Female,China
542,Ethe,Vondrys,evondrysf1@reference.com,Male,Bangladesh
543,Kiah,Harberer,kharbererf2@wikispaces.com,Female,Indonesia
544,Shari,Doran,sdoranf3@biblegateway.com,Female,Oman
545,Linea,McAdam,lmcadamf4@yale.edu,Female,Indonesia
546,Crichton,Brychan,cbrychanf5@mapy.cz,Male,China
547,Thia,Grealey,tgrealeyf6@myspace.com,Female,China
548,Alameda,Kilrow,akilrowf7@europa.eu,Female,South Korea
549,Sheri,Beneix,sbeneixf8@dmoz.org,Female,Russia
550,Clarisse,Planke,cplankef9@irs.gov,Female,Ukraine
551,Renae,Stearley,rstearleyfa@flavors.me,Female,Philippines
552,Rivi,Mounce,rmouncefb@gizmodo.com,Female,China
553,Min,Ditchburn,mditchburnfc@netvibes.com,Female,Hong Kong
554,Ivan,Henrionot,ihenrionotfd@ebay.com,Male,Peru
555,Brendon,Dorset,bdorsetfe@xrea.com,Male,Croatia
556,Nanon,Barkess,nbarkessff@livejournal.com,Female,Finland
557,Noelle,Zuenelli,nzuenellifg@tripod.com,Female,Russia
558,Arley,Redmayne,aredmaynefh@sourceforge.net,Male,Vietnam
559,Anett,Croston,acrostonfi@vistaprint.com,Female,Armenia
560,Claudius,Detoile,cdetoilefj@hostgator.com,Male,France
561,Rafe,Scibsey,rscibseyfk@yale.edu,Male,France
562,Alonso,Tschiersch,atschierschfl@ftc.gov,Male,Denmark
563,Concettina,Romand,cromandfm@qq.com,Female,Indonesia
564,Carlin,Binham,cbinhamfn@ebay.co.uk,Female,Philippines
565,Iorgos,Ackermann,iackermannfo@google.com,Male,China
566,Corey,Echalie,cechaliefp@eventbrite.com,Male,Germany
567,Morry,Fearenside,mfearensidefq@ucsd.edu,Male,France
568,Booth,Sindall,bsindallfr@timesonline.co.uk,Male,Indonesia
569,Cristionna,Rowantree,crowantreefs@edublogs.org,Female,Honduras
570,Willis,Bent,wbentft@mozilla.org,Male,Russia
571,Charita,Malster,cmalsterfu@newsvine.com,Female,China
572,Roley,Klaff,rklafffv@foxnews.com,Male,China
573,Harp,McFarlan,hmcfarlanfw@ucoz.com,Male,Nigeria
574,Neddie,Whatley,nwhatleyfx@cdbaby.com,Male,United States
575,Cora,Parrett,cparrettfy@cnn.com,Female,Zambia
576,Grazia,Wabey,gwabeyfz@webmd.com,Female,Russia
577,Kevina,Styles,kstylesg0@globo.com,Female,China
578,Luciano,Jenkison,ljenkisong1@dyndns.org,Male,China
579,Lamond,Portchmouth,lportchmouthg2@canalblog.com,Male,China
580,Demetri,Fulham,dfulhamg3@indiegogo.com,Male,Mexico
581,Easter,Rispen,erispeng4@narod.ru,Female,Argentina
582,Andreas,Spikins,aspikinsg5@arizona.edu,Male,Brazil
583,Hercule,Grzegorecki,hgrzegoreckig6@pagesperso-orange.fr,Male,Japan
584,Bax,Gigg,bgiggg7@google.nl,Male,Zimbabwe
585,Sigismond,Nestor,snestorg8@sohu.com,Male,Japan
586,Bobina,Nestor,bnestorg9@barnesandnoble.com,Female,Estonia
587,Waylon,Darko,wdarkoga@ox.ac.uk,Male,Venezuela
588,Martyn,Paddick,mpaddickgb@businessweek.com,Male,China
589,Georgine,Resdale,gresdalegc@miibeian.gov.cn,Female,China
590,Cordie,Gosz,cgoszgd@businesswire.com,Female,Guatemala
591,Louis,Mulholland,lmulhollandge@dmoz.org,Male,Panama
592,Conchita,Rosenbusch,crosenbuschgf@bluehost.com,Female,Sweden
593,Cesaro,Towsey,ctowseygg@cbc.ca,Male,Philippines
594,Arline,Puig,apuiggh@soup.io,Female,Indonesia
595,Aloysius,Bavage,abavagegi@bandcamp.com,Male,China
596,Sharai,Dongall,sdongallgj@ftc.gov,Female,China
597,Ulises,Turnor,uturnorgk@paypal.com,Male,China
598,Dalton,Rowswell,drowswellgl@webeden.co.uk,Male,Colombia
599,Harbert,Pepler,hpeplergm@yahoo.co.jp,Male,Indonesia
600,Cole,Parren,cparrengn@acquirethisname.com,Male,Colombia
601,Burtie,Cleminson,bcleminsongo@taobao.com,Male,Philippines
602,Kaela,Chanter,kchantergp@wordpress.org,Female,Iran
603,Welby,Kaplan,wkaplangq@amazon.com,Male,Vietnam
604,Zolly,McCarty,zmccartygr@1688.com,Male,Russia
605,Aguistin,Struthers,astruthersgs@unesco.org,Male,Greece
606,Jasper,Petti,jpettigt@wunderground.com,Male,Suriname
607,Neils,Moxted,nmoxtedgu@mapquest.com,Male,Indonesia
608,Eberto,Czajkowska,eczajkowskagv@tamu.edu,Male,China
609,Celisse,Eakley,ceakleygw@pcworld.com,Female,United States
610,Dani,Pressdee,dpressdeegx@merriam-webster.com,Female,Colombia
611,Kleon,Wateridge,kwateridgegy@networkadvertising.org,Male,Thailand
612,Iago,McGlew,imcglewgz@dmoz.org,Male,Iran
613,Maybelle,Crangle,mcrangleh0@seattletimes.com,Female,Brazil
614,Sasha,Kobiela,skobielah1@nhs.uk,Female,France
615,Dalis,Faulo,dfauloh2@jiathis.com,Male,China
616,Filia,Getten,fgettenh3@guardian.co.uk,Female,Philippines
617,Elissa,Tunniclisse,etunniclisseh4@360.cn,Female,Russia
618,Enid,Gebb,egebbh5@miitbeian.gov.cn,Female,Croatia
619,Julie,Kerry,jkerryh6@yale.edu,Female,China
620,Cristi,Trineman,ctrinemanh7@vistaprint.com,Female,China
621,Britta,Rollinson,brollinsonh8@trellian.com,Female,Japan
622,Cybill,Bilborough,cbilboroughh9@last.fm,Female,Pakistan
623,Yardley,McGuane,ymcguaneha@amazon.co.jp,Male,China
624,Dalis,Allport,dallporthb@msn.com,Male,Armenia
625,Margarette,Maddie,mmaddiehc@ted.com,Female,Indonesia
626,Wilhelmina,Kiebes,wkiebeshd@fc2.com,Female,France
627,Gabbi,Minister,gministerhe@statcounter.com,Female,Philippines
628,Cheri,Owbridge,cowbridgehf@e-recht24.de,Female,Russia
629,Ingamar,Pancoust,ipancousthg@123-reg.co.uk,Male,Vietnam
630,Wandis,Luckham,wluckhamhh@netscape.com,Female,Indonesia
631,Timotheus,Nolleth,tnollethhi@senate.gov,Male,Qatar
632,Ricoriki,McPhail,rmcphailhj@senate.gov,Male,Indonesia
633,Eduino,Wiffield,ewiffieldhk@time.com,Male,Kenya
634,Konstance,Brendish,kbrendishhl@kickstarter.com,Female,China
635,Lyndsey,Wisniewski,lwisniewskihm@cbsnews.com,Female,United States
636,Aida,Sloper,asloperhn@4shared.com,Female,Indonesia
637,Daphne,Clue,dclueho@reverbnation.com,Female,Russia
638,Hunfredo,Basnett,hbasnetthp@furl.net,Male,Norway
639,Elle,Syne,esynehq@shinystat.com,Female,China
640,Morten,Walding,mwaldinghr@mail.ru,Male,Sweden
641,Rodger,Woodings,rwoodingshs@squidoo.com,Male,United States
642,Ernestine,Burdett,eburdettht@php.net,Female,China
643,Fiorenze,Thaxton,fthaxtonhu@ucoz.com,Female,Portugal
644,Leonelle,Bernaldez,lbernaldezhv@live.com,Female,Japan
645,Gwyn,Vosper,gvosperhw@state.tx.us,Female,Japan
646,Dino,Denisot,ddenisothx@biblegateway.com,Male,United States
647,Teddie,Hillyatt,thillyatthy@accuweather.com,Female,Sweden
648,Sarine,Winchcum,swinchcumhz@dyndns.org,Female,Indonesia
649,Nolie,Simms,nsimmsi0@booking.com,Female,United Kingdom
650,Peggi,Lucey,pluceyi1@nih.gov,Female,Bosnia and Herzegovina
651,Killy,Schieferstein,kschiefersteini2@hp.com,Male,Cyprus
652,Phedra,Jone,pjonei3@vimeo.com,Female,Sweden
653,Guntar,Thackeray,gthackerayi4@berkeley.edu,Male,Benin
654,Goldi,Kittel,gkitteli5@exblog.jp,Female,Peru
655,Brnaba,McInally,bmcinallyi6@nature.com,Male,Philippines
656,Allianora,MacCafferky,amaccafferkyi7@blog.com,Female,Venezuela
657,Jessalyn,Spellsworth,jspellsworthi8@ox.ac.uk,Female,China
658,Bethena,Ceney,bceneyi9@moonfruit.com,Female,Armenia
659,Clarey,Tayler,ctayleria@google.fr,Female,Portugal
660,Marlow,Crosetto,mcrosettoib@woothemes.com,Male,Poland
661,Dionis,Perry,dperryic@github.io,Female,United States
662,Britteny,Fishbourne,bfishbourneid@zimbio.com,Female,China
663,Leilah,Vlasin,lvlasinie@tinyurl.com,Female,Poland
664,Cullin,Painten,cpaintenif@mediafire.com,Male,China
665,Ban,Murtell,bmurtellig@multiply.com,Male,Indonesia
666,Abigael,Dally,adallyih@simplemachines.org,Female,United States
667,Matthiew,Torrance,mtorranceii@gov.uk,Male,Indonesia
668,Godard,Hoppner,ghoppnerij@theguardian.com,Male,Philippines
669,Cirillo,Rydings,crydingsik@i2i.jp,Male,China
670,Goraud,De Gregorio,gdegregorioil@state.tx.us,Male,Portugal
671,Wyn,Dreamer,wdreamerim@fotki.com,Male,Brazil
672,Wilburt,Treat,wtreatin@ebay.com,Male,Poland
673,Arlana,Butchard,abutchardio@slate.com,Female,Honduras
674,Aeriela,Salla,asallaip@sourceforge.net,Female,Poland
675,Jerrie,Tunuy,jtunuyiq@networkadvertising.org,Male,Thailand
676,Johan,Myrie,jmyrieir@digg.com,Male,Indonesia
677,Reece,Llewellin,rllewellinis@indiegogo.com,Male,Russia
678,Hobey,Matonin,hmatoninit@npr.org,Male,China
679,Esta,Charlton,echarltoniu@google.es,Female,China
680,Vail,Grasser,vgrasseriv@pen.io,Male,Dominican Republic
681,Iggie,Wenderott,iwenderottiw@newyorker.com,Male,Czech Republic
682,Courtnay,Madner,cmadnerix@washingtonpost.com,Female,China
683,Margarethe,Lehrmann,mlehrmanniy@myspace.com,Female,China
684,Brad,Toderbrugge,btoderbruggeiz@soundcloud.com,Male,Spain
685,Dene,Mablestone,dmablestonej0@ihg.com,Male,Venezuela
686,Whitaker,Dundendale,wdundendalej1@taobao.com,Male,China
687,Alena,Cadamy,acadamyj2@mlb.com,Female,Mexico
688,Barnard,Tindley,btindleyj3@cornell.edu,Male,Belarus
689,Gabe,Bofield,gbofieldj4@globo.com,Male,Spain
690,Leah,Cruickshank,lcruickshankj5@xrea.com,Female,China
691,Ciro,Zorener,czorenerj6@ustream.tv,Male,Djibouti
692,Tallia,Andreou,tandreouj7@google.fr,Female,Indonesia
693,Andromache,Ellar,aellarj8@google.ru,Female,China
694,Drucill,Konig,dkonigj9@shop-pro.jp,Female,China
695,Torr,Leger,tlegerja@theglobeandmail.com,Male,South Africa
696,Newton,Wilcockes,nwilcockesjb@histats.com,Male,Brazil
697,Lucinda,Tunnacliffe,ltunnacliffejc@plala.or.jp,Female,Indonesia
698,Jilly,Gounel,jgouneljd@springer.com,Female,China
699,Garrard,Robshaw,grobshawje@histats.com,Male,Canada
700,Jordan,Priestley,jpriestleyjf@topsy.com,Female,Indonesia
701,Abe,Bugby,abugbyjg@php.net,Male,Poland
702,Vic,Geertz,vgeertzjh@apache.org,Male,Croatia
703,Marie-jeanne,Berns,mbernsji@state.gov,Female,Indonesia
704,Griffy,Oldroyde,goldroydejj@woothemes.com,Male,France
705,Merell,Ingarfill,mingarfilljk@mit.edu,Male,China
706,Yvette,Pail,ypailjl@independent.co.uk,Female,Canada
707,Georgianne,Fearenside,gfearensidejm@shareasale.com,Female,Poland
708,Ester,Solland,esollandjn@qq.com,Female,Czech Republic
709,Marybeth,Giovanardi,mgiovanardijo@about.me,Female,Comoros
710,Jannelle,Dreher,jdreherjp@lycos.com,Female,Belarus
711,Giffard,Tewelson,gtewelsonjq@tumblr.com,Male,Iran
712,Patricia,Rembaud,prembaudjr@gnu.org,Female,Indonesia
713,Margery,De Wolfe,mdewolfejs@canalblog.com,Female,Russia
714,Evangelin,Standbrook,estandbrookjt@msn.com,Female,Brazil
715,Wilmar,Solway,wsolwayju@studiopress.com,Male,Albania
716,Fitzgerald,Baggot,fbaggotjv@howstuffworks.com,Male,Thailand
717,Doralynne,Shearmer,dshearmerjw@cocolog-nifty.com,Female,China
718,Elinore,Chevalier,echevalierjx@indiegogo.com,Female,France
719,Addie,Scrimgeour,ascrimgeourjy@yolasite.com,Female,China
720,Hyatt,O'Fallone,hofallonejz@thetimes.co.uk,Male,China
721,Gerik,Andersson,ganderssonk0@cnbc.com,Male,China
722,Mandy,Wragg,mwraggk1@guardian.co.uk,Female,Philippines
723,Jessamyn,Corns,jcornsk2@furl.net,Female,Russia
724,Gearalt,Keitch,gkeitchk3@oracle.com,Male,China
725,Finlay,Worsfold,fworsfoldk4@ucoz.ru,Male,Japan
726,Lucian,Lissett,llissettk5@vistaprint.com,Male,Indonesia
727,Jephthah,Denyakin,jdenyakink6@home.pl,Male,Japan
728,Langsdon,Harcus,lharcusk7@kickstarter.com,Male,Peru
729,Finlay,Riglar,friglark8@php.net,Male,Portugal
730,Tonnie,Killingbeck,tkillingbeckk9@purevolume.com,Male,Indonesia
731,Eduard,Wordsworth,ewordsworthka@cbsnews.com,Male,Argentina
732,Gard,Fort,gfortkb@goo.gl,Male,Russia
733,Shellie,Khadir,skhadirkc@ucla.edu,Female,Brazil
734,Matthieu,Cheyne,mcheynekd@bizjournals.com,Male,China
735,Darb,Kaesmans,dkaesmanske@wikipedia.org,Male,Indonesia
736,Hilda,Aubry,haubrykf@msn.com,Female,Sweden
737,Maximilien,MacTague,mmactaguekg@umn.edu,Male,China
738,Marja,Scobbie,mscobbiekh@google.com.hk,Female,Brazil
739,Lynette,McClintock,lmcclintockki@phoca.cz,Female,Venezuela
740,Cherida,McKintosh,cmckintoshkj@ucoz.ru,Female,Japan
741,Arliene,Goreisr,agoreisrkk@dagondesign.com,Female,France
742,Moll,Schankel,mschankelkl@pen.io,Female,China
743,Lock,Huke,lhukekm@51.la,Male,Indonesia
744,Nicolais,Coot,ncootkn@businessweek.com,Male,South Korea
745,Constantine,Forsyde,cforsydeko@phoca.cz,Male,China
746,Liam,Geratasch,lgerataschkp@washingtonpost.com,Male,Estonia
747,Earvin,Walklate,ewalklatekq@google.nl,Male,Azerbaijan
748,Daisie,Stirley,dstirleykr@wordpress.com,Female,Slovenia
749,Nissa,Allderidge,nallderidgeks@go.com,Female,Philippines
750,Boonie,Linscott,blinscottkt@ameblo.jp,Male,Vietnam
751,Lynna,Barth,lbarthku@marketwatch.com,Female,Thailand
752,Meggie,Dightham,mdighthamkv@hp.com,Female,Canada
753,Stevena,Chevalier,schevalierkw@mtv.com,Female,Indonesia
754,Fitzgerald,Klimkowski,fklimkowskikx@friendfeed.com,Male,Malta
755,Marnie,Swains,mswainsky@paginegialle.it,Female,Lesotho
756,Jacenta,Masding,jmasdingkz@redcross.org,Female,Brazil
757,Vitoria,Labrum,vlabruml0@barnesandnoble.com,Female,Thailand
758,Franklin,Huggins,fhugginsl1@live.com,Male,Colombia
759,Hamilton,Cattonnet,hcattonnetl2@ehow.com,Male,Philippines
760,Farra,Labram,flabraml3@yahoo.co.jp,Female,United States
761,Berke,Bitchener,bbitchenerl4@adobe.com,Male,Brazil
762,Simone,Terne,sternel5@state.tx.us,Female,Japan
763,Orlando,Jellyman,ojellymanl6@dot.gov,Male,Vietnam
764,Calhoun,Melling,cmellingl7@independent.co.uk,Male,Philippines
765,Anallese,McIlmorie,amcilmoriel8@kickstarter.com,Female,Brazil
766,Lindsay,Fairham,lfairhaml9@topsy.com,Male,Thailand
767,Isidore,Waldren,iwaldrenla@jigsy.com,Male,Nigeria
768,Thorny,Tremain,ttremainlb@4shared.com,Male,France
769,Frazer,Coombe,fcoombelc@thetimes.co.uk,Male,Philippines
770,Selle,Beininck,sbeininckld@wiley.com,Female,Nigeria
771,Carrol,Ridwood,cridwoodle@nyu.edu,Male,China
772,Sula,Mawman,smawmanlf@360.cn,Female,Japan
773,Timothee,Goodsall,tgoodsalllg@un.org,Male,China
774,Catlaina,Portwain,cportwainlh@examiner.com,Female,China
775,Ambros,Empson,aempsonli@discovery.com,Male,Philippines
776,Priscella,Jagels,pjagelslj@parallels.com,Female,China
777,Welby,Petrashkov,wpetrashkovlk@whitehouse.gov,Male,Russia
778,Clarie,Deluce,cdelucell@symantec.com,Female,Serbia
779,Marji,Mixworthy,mmixworthylm@salon.com,Female,Ghana
780,Leilah,Cosgry,lcosgryln@dot.gov,Female,China
781,Haily,Baldam,hbaldamlo@woothemes.com,Male,Russia
782,Alon,Pendry,apendrylp@usa.gov,Male,Indonesia
783,Gian,Gerardot,ggerardotlq@live.com,Male,Ukraine
784,Saunders,Terrell,sterrelllr@phpbb.com,Male,Yemen
785,Felike,Stelli,fstellils@t-online.de,Male,Russia
786,Tory,Gockelen,tgockelenlt@biblegateway.com,Female,Honduras
787,Haskel,Overstone,hoverstonelu@umn.edu,Male,Belarus
788,Charissa,Spensly,cspenslylv@cdbaby.com,Female,Russia
789,Murvyn,Suscens,msuscenslw@twitter.com,Male,Russia
790,Penelope,Paddell,ppaddelllx@wufoo.com,Female,Czech Republic
791,Cassondra,Farrimond,cfarrimondly@uol.com.br,Female,Indonesia
792,Danny,Farland,dfarlandlz@sogou.com,Male,Vietnam
793,Coriss,Pinchen,cpinchenm0@ucsd.edu,Female,Philippines
794,Maxy,Corkitt,mcorkittm1@t.co,Male,Brazil
795,Car,Foye,cfoyem2@purevolume.com,Male,Portugal
796,Georgiana,Bruyntjes,gbruyntjesm3@1und1.de,Female,China
797,Town,Betun,tbetunm4@pinterest.com,Male,Mongolia
798,Merwin,Jerromes,mjerromesm5@alibaba.com,Male,Poland
799,Cassaundra,Hanshawe,chanshawem6@slashdot.org,Female,France
800,Jean,Miranda,jmirandam7@shinystat.com,Female,China
801,Dona,Cawson,dcawsonm8@list-manage.com,Female,Poland
802,Jeffy,Bursnall,jbursnallm9@skype.com,Male,Ukraine
803,Linus,McArdle,lmcardlema@so-net.ne.jp,Male,Thailand
804,Carmel,Marchington,cmarchingtonmb@flickr.com,Female,China
805,Delaney,Haythorne,dhaythornemc@domainmarket.com,Male,Russia
806,Roley,De Cruze,rdecruzemd@tripod.com,Male,Indonesia
807,Tildie,Akam,takamme@bizjournals.com,Female,Poland
808,Cassy,Giannotti,cgiannottimf@g.co,Female,Greece
809,Jo-anne,Bodicam,jbodicammg@google.de,Female,China
810,Floris,Duggen,fduggenmh@ow.ly,Female,Guatemala
811,Adore,O'Fallone,aofallonemi@washington.edu,Female,United States
812,Mortie,Gounet,mgounetmj@vk.com,Male,Philippines
813,Wes,Labuschagne,wlabuschagnemk@delicious.com,Male,Venezuela
814,Letitia,Stirgess,lstirgessml@whitehouse.gov,Female,Ivory Coast
815,Annadiane,Ferryn,aferrynmm@tmall.com,Female,Mexico
816,Kellby,Gentery,kgenterymn@nytimes.com,Male,Palestinian Territory
817,Valencia,Pinnock,vpinnockmo@cam.ac.uk,Female,Mexico
818,Harry,Dumbare,hdumbaremp@alibaba.com,Male,Poland
819,Cammy,Littell,clittellmq@delicious.com,Female,Brazil
820,Alleyn,Bohike,abohikemr@sina.com.cn,Male,Greece
821,Colin,Madrell,cmadrellms@cocolog-nifty.com,Male,Sweden
822,Lin,McCroary,lmccroarymt@nydailynews.com,Male,Tonga
823,Doreen,Gonnard,dgonnardmu@unblog.fr,Female,Nigeria
824,Almeda,Orris,aorrismv@dedecms.com,Female,China
825,Jemima,Jime,jjimemw@mit.edu,Female,China
826,Stepha,Rossin,srossinmx@cdc.gov,Female,Kazakhstan
827,Elysia,Yersin,eyersinmy@netscape.com,Female,France
828,Ryley,Maxwale,rmaxwalemz@nps.gov,Male,Sweden
829,Vern,Scranedge,vscranedgen0@msn.com,Male,China
830,Shaylynn,Haskew,shaskewn1@tripadvisor.com,Female,China
831,Emanuele,Holhouse,eholhousen2@friendfeed.com,Male,Indonesia
832,Roderich,Antoniutti,rantoniuttin3@booking.com,Male,Canada
833,Sacha,Dessant,sdessantn4@chron.com,Female,Russia
834,Hunt,Mithon,hmithonn5@google.de,Male,China
835,Hilarius,Munson,hmunsonn6@g.co,Male,France
836,Christoper,Brandom,cbrandomn7@yellowbook.com,Male,China
837,Torrence,Burnhard,tburnhardn8@people.com.cn,Male,Peru
838,Suzanne,Figin,sfiginn9@gravatar.com,Female,Ecuador
839,Harris,Dulany,hdulanyna@prlog.org,Male,American Samoa
840,Alva,Pinches,apinchesnb@acquirethisname.com,Male,China
841,Elbertine,McRorie,emcrorienc@eepurl.com,Female,Russia
842,Kristo,Twede,ktwedend@linkedin.com,Male,Philippines
843,Lorne,Trengrove,ltrengrovene@wufoo.com,Male,Portugal
844,Vasilis,Moyce,vmoycenf@istockphoto.com,Male,Iran
845,Zena,Finneran,zfinneranng@webmd.com,Female,Greece
846,Tarrance,Oakland,toaklandnh@php.net,Male,France
847,Bax,Cattrell,bcattrellni@usgs.gov,Male,Russia
848,Wynn,Adnet,wadnetnj@twitpic.com,Male,Philippines
849,Bari,Rabl,brablnk@europa.eu,Female,China
850,Odo,Sibery,osiberynl@woothemes.com,Male,Philippines
851,Avictor,Crunden,acrundennm@nytimes.com,Male,Russia
852,Vassili,Doniso,vdonisonn@paypal.com,Male,Macedonia
853,Ines,Jerratsch,ijerratschno@technorati.com,Female,Indonesia
854,Danna,Mackie,dmackienp@wsj.com,Female,Russia
855,Winfred,Tredwell,wtredwellnq@marriott.com,Male,Cameroon
856,Thorvald,Hizir,thizirnr@t.co,Male,China
857,Hubert,Kores,hkoresns@biglobe.ne.jp,Male,China
858,Archibaldo,Kemet,akemetnt@alibaba.com,Male,Russia
859,Georgie,Joiner,gjoinernu@dailymotion.com,Female,Czech Republic
860,Nevins,Cowx,ncowxnv@tripod.com,Male,France
861,Hilary,Kelmere,hkelmerenw@joomla.org,Female,Indonesia
862,Salvatore,Fitzsimon,sfitzsimonnx@nifty.com,Male,China
863,Curr,Brimming,cbrimmingny@unicef.org,Male,North Korea
864,Fergus,Secombe,fsecombenz@fda.gov,Male,Dominican Republic
865,Stillman,Gonnelly,sgonnellyo0@xing.com,Male,Poland
866,Maximilien,Tarzey,mtarzeyo1@businessweek.com,Male,Thailand
867,Christan,Szubert,cszuberto2@marketwatch.com,Female,China
868,Angelina,Mathen,amatheno3@chronoengine.com,Female,Brazil
869,Daffi,Kempster,dkempstero4@epa.gov,Female,China
870,Leland,MacLaughlin,lmaclaughlino5@ted.com,Male,Uzbekistan
871,Raul,Lamb-shine,rlambshineo6@irs.gov,Male,Russia
872,Bronson,Danielski,bdanielskio7@usda.gov,Male,Canada
873,Sheba,Inglefield,singlefieldo8@prweb.com,Female,Brazil
874,Mariejeanne,Picker,mpickero9@mapquest.com,Female,Indonesia
875,Barret,Beaford,bbeafordoa@ifeng.com,Male,Indonesia
876,Madeline,Lorey,mloreyob@mtv.com,Female,France
877,Baillie,Aucott,baucottoc@myspace.com,Male,France
878,Marissa,Lorroway,mlorrowayod@desdev.cn,Female,Russia
879,Millicent,Antonovic,mantonovicoe@godaddy.com,Female,Japan
880,Jarid,Edowes,jedowesof@jalbum.net,Male,China
881,Hillard,Caldwell,hcaldwellog@technorati.com,Male,Czech Republic
882,Rosita,Tyrone,rtyroneoh@jugem.jp,Female,Cameroon
883,Greer,Cuddon,gcuddonoi@ft.com,Female,Ukraine
884,Conrado,Wiz,cwizoj@csmonitor.com,Male,Russia
885,Papageno,Peasegod,ppeasegodok@imageshack.us,Male,Thailand
886,Brendan,Tonge,btongeol@hatena.ne.jp,Male,Guatemala
887,Lin,Kellart,lkellartom@mapy.cz,Male,Philippines
888,Noe,Shilito,nshilitoon@wikia.com,Male,China
889,Corette,Bullivent,cbulliventoo@imdb.com,Female,Vietnam
890,Grace,Dolohunty,gdolohuntyop@shutterfly.com,Male,Sweden
891,Nikaniki,Sweetland,nsweetlandoq@163.com,Female,Croatia
892,Enrika,Mattsson,emattssonor@arstechnica.com,Female,Indonesia
893,Alisun,Thomen,athomenos@reuters.com,Female,Georgia
894,Allard,Dunniom,adunniomot@symantec.com,Male,France
895,Mayor,Riveles,mrivelesou@diigo.com,Male,Philippines
896,Paige,McKelvey,pmckelveyov@adobe.com,Male,Brazil
897,Eugenio,Turbitt,eturbittow@list-manage.com,Male,China
898,Guillermo,Mariner,gmarinerox@ovh.net,Male,South Africa
899,Angelina,Gothard,agothardoy@macromedia.com,Female,Netherlands
900,Otho,Filler,ofilleroz@nymag.com,Male,Russia
901,Batsheva,Haughin,bhaughinp0@tamu.edu,Female,Poland
902,Nathaniel,Jankovsky,njankovskyp1@netlog.com,Male,El Salvador
903,Vale,Payle,vpaylep2@ycombinator.com,Male,Mexico
904,Padriac,Battye,pbattyep3@cbc.ca,Male,Mali
905,Saw,Strafford,sstraffordp4@columbia.edu,Male,Indonesia
906,Kai,Bantock,kbantockp5@ning.com,Female,South Africa
907,Phil,Landers,plandersp6@ucla.edu,Male,Peru
908,Maurizio,Cheeney,mcheeneyp7@bbb.org,Male,United Kingdom
909,Brice,Davie,bdaviep8@hp.com,Male,Vietnam
910,Kienan,Buntine,kbuntinep9@furl.net,Male,Croatia
911,Juliet,Baynard,jbaynardpa@vk.com,Female,Palestinian Territory
912,Carey,Netherclift,cnethercliftpb@washington.edu,Male,Afghanistan
913,Addy,Thackeray,athackeraypc@omniture.com,Male,Philippines
914,Nona,Tilney,ntilneypd@netscape.com,Female,China
915,Bayard,Grandin,bgrandinpe@irs.gov,Male,Malaysia
916,Oralia,Santoro,osantoropf@prlog.org,Female,Argentina
917,Shandee,Farnish,sfarnishpg@businessinsider.com,Female,Ukraine
918,Nataniel,Swires,nswiresph@flickr.com,Male,Sudan
919,Barry,Ibbett,bibbettpi@tmall.com,Female,Philippines
920,Dana,Flanaghan,dflanaghanpj@fc2.com,Male,China
921,Kizzie,Blaker,kblakerpk@plala.or.jp,Female,New Zealand
922,Chandler,Moody,cmoodypl@ezinearticles.com,Male,Indonesia
923,Roddie,Stourton,rstourtonpm@weebly.com,Male,Russia
924,Anna-maria,Kyrkeman,akyrkemanpn@huffingtonpost.com,Female,Azerbaijan
925,Jeffry,Alabone,jalabonepo@alexa.com,Male,Sweden
926,Guglielma,Hedgecock,ghedgecockpp@g.co,Female,Afghanistan
927,Germayne,Vaggers,gvaggerspq@dyndns.org,Male,Uganda
928,Aubry,Greenside,agreensidepr@tinypic.com,Female,China
929,Zacharie,Piddock,zpiddockps@hostgator.com,Male,Poland
930,Steffen,Keighley,skeighleypt@usa.gov,Male,China
931,Howey,Poley,hpoleypu@sourceforge.net,Male,Indonesia
932,Marc,Powderham,mpowderhampv@livejournal.com,Male,Honduras
933,Erda,Collop,ecolloppw@ox.ac.uk,Female,Somalia
934,Bentley,Nevison,bnevisonpx@seattletimes.com,Male,Ireland
935,Muffin,Larman,mlarmanpy@a8.net,Male,Luxembourg
936,Bo,De Giovanni,bdegiovannipz@arizona.edu,Male,China
937,Imogen,Severn,isevernq0@booking.com,Female,Azerbaijan
938,Liz,Bettleson,lbettlesonq1@msn.com,Female,Indonesia
939,Horatia,Buckmaster,hbuckmasterq2@booking.com,Female,Pakistan
940,Daphna,Puckey,dpuckeyq3@uiuc.edu,Female,Argentina
941,Angelika,Lumby,alumbyq4@independent.co.uk,Female,Portugal
942,Erl,Donisthorpe,edonisthorpeq5@vkontakte.ru,Male,Portugal
943,Marcelline,Leonida,mleonidaq6@bbc.co.uk,Female,Nigeria
944,Earlie,Sussans,esussansq7@reddit.com,Male,China
945,Rene,Kenner,rkennerq8@hc360.com,Male,Germany
946,Lion,Blanking,lblankingq9@go.com,Male,China
947,Annelise,Ketchen,aketchenqa@indiatimes.com,Female,Indonesia
948,Wernher,Sugars,wsugarsqb@amazonaws.com,Male,Bolivia
949,Gustavus,Dominey,gdomineyqc@europa.eu,Male,Indonesia
950,Janetta,Hanselmann,jhanselmannqd@arstechnica.com,Female,Ukraine
951,Emelita,Formie,eformieqe@wordpress.org,Female,Kenya
952,Zaneta,Clifft,zclifftqf@a8.net,Female,Portugal
953,Ashlee,Gaze,agazeqg@craigslist.org,Female,France
954,Lotty,Quarton,lquartonqh@cbslocal.com,Female,Sri Lanka
955,Willey,Maunsell,wmaunsellqi@loc.gov,Male,Venezuela
956,Edgardo,Vicioso,eviciosoqj@themeforest.net,Male,Croatia
957,Nefen,Bein,nbeinqk@studiopress.com,Male,China
958,Tiler,Haps,thapsql@cyberchimps.com,Male,Argentina
959,Sonny,Laborda,slabordaqm@bluehost.com,Female,Indonesia
960,Malcolm,Water,mwaterqn@cpanel.net,Male,China
961,Aubrey,Wailes,awailesqo@flavors.me,Male,Comoros
962,Brana,Dunnaway,bdunnawayqp@sourceforge.net,Female,Macao
963,Rex,Kingerby,rkingerbyqq@answers.com,Male,Italy
964,Eldon,Friary,efriaryqr@hostgator.com,Male,Iran
965,Ruthann,Carlos,rcarlosqs@auda.org.au,Female,Indonesia
966,Wendel,Gremain,wgremainqt@joomla.org,Male,Colombia
967,Felice,Blackhall,fblackhallqu@over-blog.com,Female,China
968,Ricard,Bolingbroke,rbolingbrokeqv@businesswire.com,Male,Finland
969,Noll,Duval,nduvalqw@wsj.com,Male,Colombia
970,Shawnee,Stonier,sstonierqx@t.co,Female,Taiwan
971,Marshall,Dudman,mdudmanqy@de.vu,Male,Kazakhstan
972,Merrily,Bucher,mbucherqz@sun.com,Female,United States
973,Hyacintha,Adami,hadamir0@wunderground.com,Female,Colombia
974,Angelique,Wisdish,awisdishr1@marketwatch.com,Female,Indonesia
975,Laurette,Grishelyov,lgrishelyovr2@boston.com,Female,China
976,Florinda,Pitsall,fpitsallr3@eepurl.com,Female,Slovenia
977,Jarad,Dye,jdyer4@creativecommons.org,Male,Finland
978,Kirsteni,Hatfull,khatfullr5@answers.com,Female,Czech Republic
979,Luca,Haughian,lhaughianr6@cnn.com,Male,China
980,Demetri,Cromly,dcromlyr7@ebay.com,Male,China
981,Ivor,Kilmary,ikilmaryr8@cmu.edu,Male,Indonesia
982,Orv,Honeyghan,ohoneyghanr9@jalbum.net,Male,Japan
983,Jandy,Besque,jbesquera@miitbeian.gov.cn,Female,Georgia
984,Valeria,Taaffe,vtaafferb@t-online.de,Female,China
985,Craig,Genthner,cgenthnerrc@icio.us,Male,Madagascar
986,Bonnibelle,Woodcraft,bwoodcraftrd@smugmug.com,Female,Ukraine
987,Lonnard,Blanko,lblankore@walmart.com,Male,Peru
988,Tito,Lewin,tlewinrf@ask.com,Male,Cuba
989,Angelico,Andre,aandrerg@instagram.com,Male,Peru
990,Carlie,Scobie,cscobierh@github.io,Female,Brazil
991,Berti,Mulvaney,bmulvaneyri@edublogs.org,Male,Indonesia
992,Allene,Vreede,avreederj@people.com.cn,Female,Indonesia
993,Kristien,Stockney,kstockneyrk@angelfire.com,Female,Malaysia
994,Justin,Nisius,jnisiusrl@merriam-webster.com,Male,Ukraine
995,Benedetta,Rembaud,brembaudrm@auda.org.au,Female,Brazil
996,Gerty,Tideswell,gtideswellrn@tmall.com,Female,Nigeria
997,Hermon,Rumbellow,hrumbellowro@shop-pro.jp,Male,Indonesia
998,Vaughan,Studart,vstudartrp@npr.org,Male,China
999,Karly,Andreev,kandreevrq@phoca.cz,Female,Argentina
1000,Odille,Burwin,oburwinrr@java.com,Female,Russia
1001,Odille,Burwin,oburwinrr@java.com,Female,Russia
101,Name,Surname,nsrhsnsn@gmail.com,Male
101,Name,Surname,nsrhsnsn@gmail.com,Male
