id,firstName,lastName,email,gender
1,Addy,Skyrme,askyrme0@youtu.be,Male
2,Dodi,MacGruer,dmacgruer1@bloomberg.com,Female
3,Uriel,Tocqueville,utocqueville2@pen.io,Male
4,Kerstin,Pecht,kpecht3@rambler.ru,Female
5,Kasper,Trathen,ktrathen4@e-recht24.de,Male
6,Euell,Devaney,edevaney5@parallels.com,Male
7,Roseanna,Gaiger,rgaiger6@globo.com,Female
8,Vivian,Prazor,vprazor7@sbwire.com,Genderqueer
9,Terri,Dann,tdann8@indiatimes.com,Male
10,Rhys,Barnham,rbarnham9@posterous.com,Male
11,Fergus,De Lorenzo,fdelorenzoa@msu.edu,Male
12,Malissa,Ianitti,mianittib@shinystat.com,Female
13,Romola,Byass,rbyassc@csmonitor.com,Female
14,Grover,Rubinsaft,grubinsaftd@live.com,Male
15,Heidie,Atwater,hatwatere@plala.or.jp,Polygender
16,Corinne,McEniry,cmceniryf@cafepress.com,Female
17,Raina,Petegre,rpetegreg@twitpic.com,Female
18,George,MacGill,gmacgillh@godaddy.com,Female
19,Wilmette,Cowles,wcowlesi@archive.org,Female
20,Alanna,Pigney,apigneyj@angelfire.com,Female
21,Ree,Fosdick,rfosdickk@google.pl,Female
22,Reena,Jacomb,rjacombl@newyorker.com,Female
23,Cariotta,Chantree,cchantreem@cam.ac.uk,Female
24,Kaylee,Seagood,kseagoodn@yelp.com,Female
25,Yves,Thomel,ythomelo@narod.ru,Male
26,Zedekiah,Woodburne,zwoodburnep@ovh.net,Male
27,Skipton,Drewell,sdrewellq@illinois.edu,Male
28,Benjamin,Ainslee,bainsleer@economist.com,Male
29,Karina,O'Nions,konionss@netvibes.com,Female
30,Floris,Lennox,flennoxt@paginegialle.it,Female
31,Wildon,Mewrcik,wmewrciku@simplemachines.org,Male
32,Jorrie,Poyner,jpoynerv@alibaba.com,Female
33,Corbie,Wilmut,cwilmutw@bbc.co.uk,Male
34,Becka,Palatino,bpalatinox@wikia.com,Female
35,Latisha,Bischof,lbischofy@discovery.com,Female
36,Zeke,Sincock,zsincockz@gizmodo.com,Male
37,Jennica,Giovani,jgiovani10@virginia.edu,Female
38,Lacee,Brunicke,lbrunicke11@parallels.com,Female
39,Barby,Beney,bbeney12@columbia.edu,Female
40,Hallie,Handrick,hhandrick13@feedburner.com,Female
41,Aurel,Kuzemka,akuzemka14@webeden.co.uk,Female
42,Bonnibelle,Casson,bcasson15@aol.com,Female
43,Humfrid,Millhill,hmillhill16@hhs.gov,Male
44,Celene,Caldicott,ccaldicott17@unesco.org,Female
45,Gawain,Fawke,gfawke18@jigsy.com,Male
46,Dulcea,Breede,dbreede19@cnn.com,Female
47,Maribelle,Dallaway,mdallaway1a@51.la,Female
48,Greggory,O'Lunney,golunney1b@angelfire.com,Male
49,Dennison,Goodwyn,dgoodwyn1c@123-reg.co.uk,Male
50,Augie,Cromly,acromly1d@unblog.fr,Male
51,Garrek,Howgill,ghowgill1e@ifeng.com,Male
52,Mercy,Duckerin,mduckerin1f@geocities.com,Female
53,Herculie,Schleicher,hschleicher1g@icq.com,Male
54,Brier,Petrashkov,bpetrashkov1h@businessweek.com,Female
55,Rockey,Trevaskus,rtrevaskus1i@godaddy.com,Male
56,Bernard,Gosby,bgosby1j@google.nl,Male
57,Raf,Willford,rwillford1k@blogtalkradio.com,Female
58,Edithe,Harnes,eharnes1l@furl.net,Female
59,Felix,Deakan,fdeakan1m@edublogs.org,Male
60,Tory,Bosdet,tbosdet1n@tmall.com,Female
61,Ryley,Siderfin,rsiderfin1o@disqus.com,Male
62,Maxim,Audibert,maudibert1p@skype.com,Male
63,Gabi,Garth,ggarth1q@indiegogo.com,Non-binary
64,Pascale,Vannini,pvannini1r@wsj.com,Male
65,Hedwig,De Vaan,hdevaan1s@aol.com,Polygender
66,Syman,Carde,scarde1t@businessweek.com,Agender
67,Wenonah,Dives,wdives1u@sciencedaily.com,Female
68,Nelli,Simonutti,nsimonutti1v@t-online.de,Female
69,Halsy,O'Sesnane,hosesnane1w@senate.gov,Male
70,Jorry,Aaronsohn,jaaronsohn1x@stumbleupon.com,Female
71,Shane,Tabert,stabert1y@scribd.com,Male
72,Gennifer,Malinowski,gmalinowski1z@booking.com,Female
73,Hillary,Joules,hjoules20@cdbaby.com,Agender
74,Rutledge,Brimicombe,rbrimicombe21@goodreads.com,Male
75,Dian,Howerd,dhowerd22@soundcloud.com,Genderfluid
76,Barclay,Ray,bray23@mozilla.com,Male
77,Eirena,Swatten,eswatten24@jalbum.net,Female
78,Aldrich,Obeney,aobeney25@cmu.edu,Male
79,Hinda,Johanchon,hjohanchon26@quantcast.com,Female
80,Courtnay,Blackhall,cblackhall27@mysql.com,Female
81,Gabey,Caulcutt,gcaulcutt28@hibu.com,Female
82,Rosabel,Saich,rsaich29@e-recht24.de,Female
83,Mark,Kunneke,mkunneke2a@networksolutions.com,Male
84,Georgianna,Mease,gmease2b@meetup.com,Female
85,Elsworth,Wilce,ewilce2c@spiegel.de,Male
86,Ricard,Niche,rniche2d@tiny.cc,Male
87,Donia,Drioli,ddrioli2e@networksolutions.com,Female
88,Consalve,Gorelli,cgorelli2f@goodreads.com,Male
89,Vivianne,Bunney,vbunney2g@wordpress.com,Polygender
90,Gottfried,Worsell,gworsell2h@google.it,Male
91,Archer,Batcock,abatcock2i@microsoft.com,Male
92,Clerissa,Ambrogiotti,cambrogiotti2j@a8.net,Female
93,Marybeth,Frankcombe,mfrankcombe2k@ihg.com,Female
94,Tristan,Stedson,tstedson2l@com.com,Male
95,Jude,M'Quharg,jmquharg2m@instagram.com,Male
96,Bartholemy,Meryett, meryeetttt5634@gmail.com,Female
97,Winslow,O'Shiels,woshiels2o@delicious.com,Male
98,Chickie,Antonelli,cantonelli2p@hhs.gov,Male
99,Thacher,Kinkaid,tkinkaid2q@globo.com,Male
